-- MySQL dump 10.13  Distrib 5.7.17, for Win64 (x86_64)
--
-- Host: 127.0.0.1    Database: dbekmeans_oltp
-- ------------------------------------------------------
-- Server version	5.5.5-10.1.21-MariaDB

/*!40101 SET @OLD_CHARACTER_SET_CLIENT=@@CHARACTER_SET_CLIENT */;
/*!40101 SET @OLD_CHARACTER_SET_RESULTS=@@CHARACTER_SET_RESULTS */;
/*!40101 SET @OLD_COLLATION_CONNECTION=@@COLLATION_CONNECTION */;
/*!40101 SET NAMES utf8 */;
/*!40103 SET @OLD_TIME_ZONE=@@TIME_ZONE */;
/*!40103 SET TIME_ZONE='+00:00' */;
/*!40014 SET @OLD_UNIQUE_CHECKS=@@UNIQUE_CHECKS, UNIQUE_CHECKS=0 */;
/*!40014 SET @OLD_FOREIGN_KEY_CHECKS=@@FOREIGN_KEY_CHECKS, FOREIGN_KEY_CHECKS=0 */;
/*!40101 SET @OLD_SQL_MODE=@@SQL_MODE, SQL_MODE='NO_AUTO_VALUE_ON_ZERO' */;
/*!40111 SET @OLD_SQL_NOTES=@@SQL_NOTES, SQL_NOTES=0 */;

--
-- Table structure for table `tbl_asset`
--

DROP TABLE IF EXISTS `tbl_asset`;
/*!40101 SET @saved_cs_client     = @@character_set_client */;
/*!40101 SET character_set_client = utf8 */;
CREATE TABLE `tbl_asset` (
  `asset_code` varchar(50) NOT NULL,
  `fixedAssetName` varchar(50) DEFAULT NULL,
  `asset_category` int(11) DEFAULT NULL,
  `acq_date` date DEFAULT NULL,
  `acq_value` decimal(10,2) DEFAULT NULL,
  `salvage_value` decimal(10,2) DEFAULT NULL,
  `service_life` int(11) DEFAULT NULL,
  `disposed` int(11) DEFAULT NULL,
  PRIMARY KEY (`asset_code`),
  KEY `asset_category` (`asset_category`),
  CONSTRAINT `tbl_asset_ibfk_1` FOREIGN KEY (`asset_category`) REFERENCES `tbl_subcategory` (`subcategory_id`)
) ENGINE=InnoDB DEFAULT CHARSET=latin1;
/*!40101 SET character_set_client = @saved_cs_client */;

--
-- Dumping data for table `tbl_asset`
--

LOCK TABLES `tbl_asset` WRITE;
/*!40000 ALTER TABLE `tbl_asset` DISABLE KEYS */;
INSERT INTO `tbl_asset` VALUES ('PUP-1-1-3055','CPU HP COMPAQ 6200 PRO',3,'2012-01-12',38065.00,1903.25,5,NULL),('PUP-1-1-3056','CPU HP COMPAQ 6200 PRO',3,'2012-01-12',38065.00,1903.25,5,NULL),('PUP-1-1-3057','CPU HP COMPAQ 6200 PRO',3,'2012-01-12',38065.00,1903.25,5,NULL),('PUP-1-1-3058','CPU HP COMPAQ 6200 PRO',3,'2012-01-12',38065.00,1903.25,5,NULL),('PUP-1-1-3059','CPU HP COMPAQ 6200 PRO',3,'2012-01-12',38065.00,1903.25,5,NULL),('PUP-1-1-3060','CPU HP COMPAQ 6200 PRO',3,'2012-01-12',38065.00,1903.25,5,NULL),('PUP-1-1-3061','CPU HP COMPAQ 6200 PRO',3,'2012-01-12',38065.00,1903.25,5,NULL),('PUP-1-1-3305','LABORATORY DEKTOP COMPUTER-DELL',3,'2014-02-20',36000.00,1800.00,5,NULL),('PUP-1-1-3306','LABORATORY DEKTOP COMPUTER-DELL',3,'2014-02-20',36000.00,1800.00,5,NULL),('PUP-1-1-3307','LABORATORY DEKTOP COMPUTER-DELL',3,'2014-02-20',36000.00,1800.00,5,NULL),('PUP-1-1-3308','LABORATORY DEKTOP COMPUTER-DELL',3,'2014-02-20',36000.00,1800.00,5,NULL),('PUP-1-1-3309','LABORATORY DEKTOP COMPUTER-DELL',3,'2014-02-20',36000.00,1800.00,5,NULL),('PUP-1-1-3310','LABORATORY DEKTOP COMPUTER-DELL',3,'2014-02-20',36000.00,1800.00,5,NULL),('PUP-1-1-3311','LABORATORY DEKTOP COMPUTER-DELL',3,'2014-02-20',36000.00,1800.00,5,NULL),('PUP-1-1-3439','COMPUTER DESKTOP INTEL CORE i5',3,'2014-11-24',38800.00,1940.00,5,NULL),('PUP-1-1-3440','COMPUTER DESKTOP INTEL CORE i5',3,'2014-11-24',38800.00,1940.00,5,NULL),('PUP-1-1-3441','COMPUTER DESKTOP INTEL CORE i5',3,'2014-11-24',38800.00,1940.00,5,NULL),('PUP-1-1-3442','COMPUTER DESKTOP INTEL CORE i5',3,'2014-11-24',38800.00,1940.00,5,NULL),('PUP-1-1-3443','COMPUTER DESKTOP INTEL CORE i5',3,'2014-11-24',38800.00,1940.00,5,NULL),('PUP-1-1-3444','COMPUTER DESKTOP INTEL CORE i5',3,'2014-11-24',38800.00,1940.00,5,NULL),('PUP-1-1-3445','COMPUTER DESKTOP INTEL CORE i5',3,'2014-11-24',38800.00,1940.00,5,NULL),('PUP-1-1-3906','DELL VOSTRO 3640',3,'2017-01-14',45548.30,2277.42,5,NULL),('PUP-1-1-3907','DELL VOSTRO 3640',3,'2017-01-14',45548.30,22774.02,5,NULL),('PUP-1-1-3908','DELL VOSTRO 3640',3,'2017-01-14',45548.30,2277.42,5,NULL),('PUP-1-1-3909','DELL VOSTRO 3640',3,'2017-01-14',45548.30,2277.42,5,NULL),('PUP-1-1-3910','DELL VOSTRO 3640',3,'2017-01-14',45548.30,2277.42,5,NULL),('PUP-1-1-3911','DELL VOSTRO 3640',3,'2017-01-14',45548.30,2277.42,5,NULL),('PUP-1-1-3912','DELL VOSTRO 3640',3,'2017-01-14',45548.30,22774.02,5,NULL),('PUP-1-1-3913','DELL VOSTRO 3640',3,'2017-01-14',45548.30,22774.02,5,NULL),('PUP-1-1-3914','DELL VOSTRO 3640',3,'2017-01-14',45548.30,2277.42,5,NULL),('PUP-1-1-3915','DELL VOSTRO 3640',3,'2017-01-14',45548.30,2277.42,5,NULL),('PUP-1-1-3916','DELL VOSTRO 3640',3,'2017-01-14',45548.30,2277.42,5,NULL),('PUP-1-1-3917','DELL VOSTRO 3640',3,'2017-01-14',45548.30,2277.42,5,NULL),('PUP-4-1-1243','KYOCERA ECOSYS LASER PRINTER',5,'2015-04-28',2600.00,130.00,5,NULL),('PUP-4-1-1244','KYOCERA ECOSYS LASER PRINTER',5,'2015-04-28',2600.00,130.00,5,NULL),('PUP-4-1-1245','KYOCERA ECOSYS LASER PRINTER',5,'2015-04-28',2600.00,130.00,5,NULL),('PUP-4-1-1246','KYOCERA ECOSYS LASER PRINTER',5,'2015-04-28',2600.00,130.00,5,NULL),('PUP-4-1-1247','KYOCERA ECOSYS LASER PRINTER',5,'2015-04-28',2600.00,130.00,5,NULL),('PUP-4-1-1248','KYOCERA ECOSYS LASER PRINTER',5,'2015-04-28',2600.00,130.00,5,NULL),('PUP-4-1-1249','KYOCERA ECOSYS LASER PRINTER',5,'2015-01-28',2600.00,130.00,5,NULL),('PUP-4-1-1250','KYOCERA ECOSYS LASER PRINTER',5,'2015-04-28',2600.00,130.00,5,NULL),('PUP-40-1-0001','TELECOMMUNICATIONS TRAINER',13,'2017-01-27',265000.00,13250.00,5,NULL),('PUP-40-1-0002','MACHINE VISION CAMERA',13,'2016-07-29',160000.00,8000.00,5,NULL),('PUP-40-1-0003','LIGHT METER',13,'2016-07-29',18000.00,900.00,5,NULL),('PUP-40-1-0004','ROBOTIC ARM',13,'2016-07-29',20000.00,1000.00,5,NULL),('PUP-40-1-0005','HUMANOID ROBOT',13,'2016-07-29',80000.00,4000.00,5,NULL),('PUP-40-1-0006','OSCILLOSCOPE',13,'2016-07-29',40000.00,2000.00,5,NULL),('PUP-40-1-0007','SIGNAL GENERATOR',13,'2016-07-29',20000.00,1000.00,5,NULL),('PUP-40-1-0008','AUDIO GENERATOR',13,'2016-07-29',20000.00,1000.00,5,NULL),('PUP-40-1-0009','FREQUENCY ANALYZER',13,'2016-07-29',135000.00,6750.00,5,NULL),('PUP-40-1-0010','COMPUTING TROUBLESHOOTING TRAINER',13,'2016-07-29',390000.00,19500.00,5,NULL),('PUP-46-1-3221','ELECTRIC FAN, ORBIT TYPE, STANDARD',6,'2009-09-12',3000.00,150.00,5,NULL),('PUP-46-1-3222','ELECTRIC FAN, ORBIT TYPE, STANDARD',6,'2009-09-12',3000.00,150.00,5,NULL),('PUP-46-1-3223','ELECTRIC FAN, ORBIT TYPE, STANDARD',6,'2009-09-12',3000.00,150.00,5,NULL),('PUP-46-1-3224','ELECTRIC FAN, ORBIT TYPE, STANDARD',6,'2009-09-12',3000.00,150.00,5,NULL),('PUP-46-1-3225','ELECTRIC FAN, ORBIT TYPE, STANDARD',6,'2009-09-12',3000.00,150.00,5,NULL),('PUP-46-1-3226','ELECTRIC FAN, ORBIT TYPE, STANDARD',6,'2009-09-12',3000.00,150.00,5,NULL),('PUP-46-1-3227','ELECTRIC FAN, ORBIT TYPE, STANDARD',6,'2009-09-12',3000.00,150.00,5,NULL),('PUP-NIB-621','HYUNDAI AERO QUEEN',12,'2010-01-02',1300000.00,65000.00,7,NULL),('PUP-SFV-276','TOYOTA HI-ACE GRANDIA',7,'2001-06-30',1082500.00,54125.00,7,NULL),('PUP-SHB-201','FORD RANGER',9,'2004-11-30',980000.00,49000.00,7,NULL),('PUP-SHZ-148','HYUNDAI PORTER',9,'2014-04-22',876620.00,43831.00,7,NULL),('PUP-SHZ-155','HYUNDAI STAREX GOLD',7,'2014-04-22',1958880.00,97944.00,7,NULL),('PUP-SKN-211','TOYOTA HI-ACE GL GRANDIA',7,'2011-04-17',1523200.00,76160.00,7,NULL),('PUP-ZMK-156','FORD EVEREST',8,'2007-11-30',1590000.00,79500.00,7,NULL);
/*!40000 ALTER TABLE `tbl_asset` ENABLE KEYS */;
UNLOCK TABLES;

--
-- Table structure for table `tbl_category`
--

DROP TABLE IF EXISTS `tbl_category`;
/*!40101 SET @saved_cs_client     = @@character_set_client */;
/*!40101 SET character_set_client = utf8 */;
CREATE TABLE `tbl_category` (
  `category_id` int(11) NOT NULL AUTO_INCREMENT,
  `category_name` varchar(50) DEFAULT NULL,
  `deleted` int(11) DEFAULT NULL,
  PRIMARY KEY (`category_id`),
  UNIQUE KEY `category_name` (`category_name`)
) ENGINE=InnoDB AUTO_INCREMENT=4 DEFAULT CHARSET=latin1;
/*!40101 SET character_set_client = @saved_cs_client */;

--
-- Dumping data for table `tbl_category`
--

LOCK TABLES `tbl_category` WRITE;
/*!40000 ALTER TABLE `tbl_category` DISABLE KEYS */;
INSERT INTO `tbl_category` VALUES (1,'MOTOR VEHICLE',0),(2,'OFFICE EQUIPMENT',0),(3,'ICT EQUIPMENT',0);
/*!40000 ALTER TABLE `tbl_category` ENABLE KEYS */;
UNLOCK TABLES;

--
-- Table structure for table `tbl_cluster`
--

DROP TABLE IF EXISTS `tbl_cluster`;
/*!40101 SET @saved_cs_client     = @@character_set_client */;
/*!40101 SET character_set_client = utf8 */;
CREATE TABLE `tbl_cluster` (
  `cluster_id` int(11) NOT NULL AUTO_INCREMENT,
  `cluster_date` date DEFAULT NULL,
  `run_time` int(11) DEFAULT NULL,
  `iteration` int(11) DEFAULT NULL,
  `isEnhanced` int(11) DEFAULT NULL,
  PRIMARY KEY (`cluster_id`)
) ENGINE=InnoDB AUTO_INCREMENT=17 DEFAULT CHARSET=latin1;
/*!40101 SET character_set_client = @saved_cs_client */;

--
-- Dumping data for table `tbl_cluster`
--

LOCK TABLES `tbl_cluster` WRITE;
/*!40000 ALTER TABLE `tbl_cluster` DISABLE KEYS */;
INSERT INTO `tbl_cluster` VALUES (1,'2017-03-28',0,2,0),(2,'2017-03-28',0,4,1),(3,'2017-03-28',0,3,0),(4,'2017-03-28',0,4,1),(5,'2017-03-28',0,2,0),(6,'2017-03-28',0,2,1),(7,'2017-03-28',1,2,0),(8,'2017-03-28',0,2,1),(9,'2017-03-28',0,2,0),(10,'2017-03-28',0,2,1),(11,'2017-03-28',0,3,0),(12,'2017-03-28',0,2,1),(13,'2017-09-30',15,3,0),(14,'2017-09-30',0,2,1),(15,'2017-09-30',0,3,0),(16,'2017-09-30',0,2,1);
/*!40000 ALTER TABLE `tbl_cluster` ENABLE KEYS */;
UNLOCK TABLES;

--
-- Table structure for table `tbl_cluster_detail`
--

DROP TABLE IF EXISTS `tbl_cluster_detail`;
/*!40101 SET @saved_cs_client     = @@character_set_client */;
/*!40101 SET character_set_client = utf8 */;
CREATE TABLE `tbl_cluster_detail` (
  `factor_id` int(11) NOT NULL,
  `cluster_id` int(11) NOT NULL,
  `Timestamp` timestamp NOT NULL DEFAULT CURRENT_TIMESTAMP ON UPDATE CURRENT_TIMESTAMP,
  `cluster` int(11) DEFAULT NULL,
  PRIMARY KEY (`factor_id`,`cluster_id`,`Timestamp`),
  KEY `cluster_id` (`cluster_id`),
  CONSTRAINT `tbl_cluster_detail_ibfk_1` FOREIGN KEY (`factor_id`) REFERENCES `tbl_factor` (`factor_id`),
  CONSTRAINT `tbl_cluster_detail_ibfk_2` FOREIGN KEY (`cluster_id`) REFERENCES `tbl_cluster` (`cluster_id`)
) ENGINE=InnoDB DEFAULT CHARSET=latin1;
/*!40101 SET character_set_client = @saved_cs_client */;

--
-- Dumping data for table `tbl_cluster_detail`
--

LOCK TABLES `tbl_cluster_detail` WRITE;
/*!40000 ALTER TABLE `tbl_cluster_detail` DISABLE KEYS */;
INSERT INTO `tbl_cluster_detail` VALUES (1,1,'2017-03-28 14:10:12',1),(1,2,'2017-03-28 14:10:17',1),(1,3,'2017-03-28 14:10:22',2),(1,4,'2017-03-28 14:10:28',1),(1,13,'2017-09-30 14:19:10',1),(1,14,'2017-09-30 14:19:19',1),(2,1,'2017-03-28 14:10:12',1),(2,2,'2017-03-28 14:10:17',1),(2,3,'2017-03-28 14:10:22',2),(2,4,'2017-03-28 14:10:28',1),(2,13,'2017-09-30 14:19:10',1),(2,14,'2017-09-30 14:19:19',1),(3,1,'2017-03-28 14:10:12',1),(3,2,'2017-03-28 14:10:17',1),(3,3,'2017-03-28 14:10:22',2),(3,4,'2017-03-28 14:10:28',1),(3,13,'2017-09-30 14:19:10',1),(3,14,'2017-09-30 14:19:19',1),(4,1,'2017-03-28 14:10:12',1),(4,2,'2017-03-28 14:10:17',1),(4,3,'2017-03-28 14:10:22',2),(4,4,'2017-03-28 14:10:28',1),(4,13,'2017-09-30 14:19:10',1),(4,14,'2017-09-30 14:19:19',1),(5,1,'2017-03-28 14:10:12',1),(5,2,'2017-03-28 14:10:18',1),(5,3,'2017-03-28 14:10:22',2),(5,4,'2017-03-28 14:10:28',1),(5,13,'2017-09-30 14:19:10',1),(5,14,'2017-09-30 14:19:20',1),(6,1,'2017-03-28 14:10:12',1),(6,2,'2017-03-28 14:10:18',1),(6,3,'2017-03-28 14:10:22',2),(6,4,'2017-03-28 14:10:28',1),(6,13,'2017-09-30 14:19:10',1),(6,14,'2017-09-30 14:19:19',1),(7,1,'2017-03-28 14:10:12',1),(7,2,'2017-03-28 14:10:18',1),(7,3,'2017-03-28 14:10:22',2),(7,4,'2017-03-28 14:10:28',1),(7,13,'2017-09-30 14:19:10',1),(7,14,'2017-09-30 14:19:20',1),(8,1,'2017-03-28 14:10:13',1),(8,2,'2017-03-28 14:10:18',1),(8,3,'2017-03-28 14:10:22',2),(8,4,'2017-03-28 14:10:28',1),(8,13,'2017-09-30 14:19:10',1),(8,14,'2017-09-30 14:19:20',1),(9,1,'2017-03-28 14:10:13',2),(9,2,'2017-03-28 14:10:18',2),(9,3,'2017-03-28 14:10:22',2),(9,4,'2017-03-28 14:10:28',2),(9,13,'2017-09-30 14:19:10',1),(9,14,'2017-09-30 14:19:20',2),(10,1,'2017-03-28 14:10:13',2),(10,2,'2017-03-28 14:10:18',2),(10,3,'2017-03-28 14:10:22',1),(10,4,'2017-03-28 14:10:28',2),(10,13,'2017-09-30 14:19:10',2),(10,14,'2017-09-30 14:19:20',2),(11,1,'2017-03-28 14:10:13',2),(11,2,'2017-03-28 14:10:18',2),(11,3,'2017-03-28 14:10:22',1),(11,4,'2017-03-28 14:10:28',2),(11,13,'2017-09-30 14:19:11',2),(11,14,'2017-09-30 14:19:20',2),(12,1,'2017-03-28 14:10:13',2),(12,2,'2017-03-28 14:10:18',2),(12,3,'2017-03-28 14:10:22',1),(12,4,'2017-03-28 14:10:28',2),(12,13,'2017-09-30 14:19:11',2),(12,14,'2017-09-30 14:19:20',2),(13,1,'2017-03-28 14:10:13',1),(13,2,'2017-03-28 14:10:18',1),(13,3,'2017-03-28 14:10:22',2),(13,4,'2017-03-28 14:10:28',1),(13,13,'2017-09-30 14:19:11',1),(13,14,'2017-09-30 14:19:20',1),(14,1,'2017-03-28 14:10:13',2),(14,2,'2017-03-28 14:10:18',2),(14,3,'2017-03-28 14:10:22',2),(14,4,'2017-03-28 14:10:28',2),(14,13,'2017-09-30 14:19:11',1),(14,14,'2017-09-30 14:19:20',2),(15,1,'2017-03-28 14:10:13',2),(15,2,'2017-03-28 14:10:18',2),(15,3,'2017-03-28 14:10:23',2),(15,4,'2017-03-28 14:10:28',2),(15,13,'2017-09-30 14:19:11',1),(15,14,'2017-09-30 14:19:20',2),(16,1,'2017-03-28 14:10:13',2),(16,2,'2017-03-28 14:10:18',2),(16,3,'2017-03-28 14:10:23',2),(16,4,'2017-03-28 14:10:28',2),(16,13,'2017-09-30 14:19:11',1),(16,14,'2017-09-30 14:19:20',2),(17,1,'2017-03-28 14:10:13',2),(17,2,'2017-03-28 14:10:18',2),(17,3,'2017-03-28 14:10:23',2),(17,4,'2017-03-28 14:10:28',2),(17,13,'2017-09-30 14:19:11',1),(17,14,'2017-09-30 14:19:22',2),(18,1,'2017-03-28 14:10:13',2),(18,2,'2017-03-28 14:10:18',2),(18,3,'2017-03-28 14:10:23',1),(18,4,'2017-03-28 14:10:29',2),(18,13,'2017-09-30 14:19:12',2),(18,14,'2017-09-30 14:19:22',2),(19,1,'2017-03-28 14:10:13',2),(19,2,'2017-03-28 14:10:18',2),(19,3,'2017-03-28 14:10:23',2),(19,4,'2017-03-28 14:10:29',2),(19,13,'2017-09-30 14:19:11',1),(19,14,'2017-09-30 14:19:22',2),(20,1,'2017-03-28 14:10:13',2),(20,2,'2017-03-28 14:10:18',2),(20,3,'2017-03-28 14:10:23',2),(20,4,'2017-03-28 14:10:28',2),(20,13,'2017-09-30 14:19:11',1),(20,14,'2017-09-30 14:19:22',2),(21,1,'2017-03-28 14:10:13',2),(21,2,'2017-03-28 14:10:18',2),(21,3,'2017-03-28 14:10:23',2),(21,4,'2017-03-28 14:10:29',2),(21,13,'2017-09-30 14:19:11',1),(21,14,'2017-09-30 14:19:22',2),(22,1,'2017-03-28 14:10:13',2),(22,2,'2017-03-28 14:10:18',2),(22,3,'2017-03-28 14:10:23',1),(22,4,'2017-03-28 14:10:29',2),(22,13,'2017-09-30 14:19:12',2),(22,14,'2017-09-30 14:19:22',2),(23,1,'2017-03-28 14:10:13',2),(23,2,'2017-03-28 14:10:18',2),(23,3,'2017-03-28 14:10:23',1),(23,4,'2017-03-28 14:10:29',2),(23,13,'2017-09-30 14:19:12',2),(23,14,'2017-09-30 14:19:22',2),(24,1,'2017-03-28 14:10:13',2),(24,2,'2017-03-28 14:10:18',2),(24,3,'2017-03-28 14:10:23',1),(24,4,'2017-03-28 14:10:29',2),(24,13,'2017-09-30 14:19:12',2),(24,14,'2017-09-30 14:19:22',2),(25,1,'2017-03-28 14:10:13',2),(25,2,'2017-03-28 14:10:18',2),(25,3,'2017-03-28 14:10:23',1),(25,4,'2017-03-28 14:10:29',2),(25,13,'2017-09-30 14:19:12',2),(25,14,'2017-09-30 14:19:22',2),(26,1,'2017-03-28 14:10:13',2),(26,2,'2017-03-28 14:10:18',2),(26,3,'2017-03-28 14:10:23',1),(26,4,'2017-03-28 14:10:29',2),(26,13,'2017-09-30 14:19:12',2),(26,14,'2017-09-30 14:19:23',2),(27,1,'2017-03-28 14:10:13',2),(27,2,'2017-03-28 14:10:19',2),(27,3,'2017-03-28 14:10:23',1),(27,4,'2017-03-28 14:10:29',2),(27,13,'2017-09-30 14:19:12',2),(27,14,'2017-09-30 14:19:23',2),(28,5,'2017-03-28 14:13:06',1),(28,6,'2017-03-28 14:13:09',2),(28,7,'2017-03-28 14:13:13',2),(28,8,'2017-03-28 14:13:17',2),(28,15,'2017-09-30 14:23:09',1),(28,16,'2017-09-30 14:23:13',1),(29,5,'2017-03-28 14:13:06',1),(29,6,'2017-03-28 14:13:09',2),(29,7,'2017-03-28 14:13:13',2),(29,8,'2017-03-28 14:13:18',2),(29,15,'2017-09-30 14:23:09',1),(29,16,'2017-09-30 14:23:13',1),(30,5,'2017-03-28 14:13:06',2),(30,6,'2017-03-28 14:13:09',1),(30,7,'2017-03-28 14:13:13',1),(30,8,'2017-03-28 14:13:18',1),(30,15,'2017-09-30 14:23:09',1),(30,16,'2017-09-30 14:23:13',1),(31,5,'2017-03-28 14:13:06',2),(31,6,'2017-03-28 14:13:09',1),(31,7,'2017-03-28 14:13:13',1),(31,8,'2017-03-28 14:13:18',1),(31,15,'2017-09-30 14:23:09',1),(31,16,'2017-09-30 14:23:13',1),(32,5,'2017-03-28 14:13:06',2),(32,6,'2017-03-28 14:13:10',1),(32,7,'2017-03-28 14:13:13',1),(32,8,'2017-03-28 14:13:18',1),(32,15,'2017-09-30 14:23:09',1),(32,16,'2017-09-30 14:23:13',1),(33,5,'2017-03-28 14:13:06',1),(33,6,'2017-03-28 14:13:10',2),(33,7,'2017-03-28 14:13:13',2),(33,8,'2017-03-28 14:13:18',2),(33,15,'2017-09-30 14:23:09',1),(33,16,'2017-09-30 14:23:13',1),(34,5,'2017-03-28 14:13:06',1),(34,6,'2017-03-28 14:13:10',2),(34,7,'2017-03-28 14:13:13',2),(34,8,'2017-03-28 14:13:18',2),(34,15,'2017-09-30 14:23:09',1),(34,16,'2017-09-30 14:23:13',1),(35,1,'2017-03-28 14:10:13',2),(35,2,'2017-03-28 14:10:19',2),(35,3,'2017-03-28 14:10:23',1),(35,4,'2017-03-28 14:10:29',2),(35,13,'2017-09-30 14:19:12',2),(35,14,'2017-09-30 14:19:23',2),(36,9,'2017-03-28 14:17:03',2),(36,10,'2017-03-28 14:17:06',1),(36,11,'2017-03-28 14:17:10',2),(36,12,'2017-03-28 14:17:16',1),(37,9,'2017-03-28 14:17:03',2),(37,10,'2017-03-28 14:17:07',1),(37,11,'2017-03-28 14:17:10',2),(37,12,'2017-03-28 14:17:16',1),(38,9,'2017-03-28 14:17:03',2),(38,10,'2017-03-28 14:17:07',1),(38,11,'2017-03-28 14:17:10',2),(38,12,'2017-03-28 14:17:16',1),(39,9,'2017-03-28 14:17:03',1),(39,10,'2017-03-28 14:17:07',2),(39,11,'2017-03-28 14:17:11',1),(39,12,'2017-03-28 14:17:16',2),(40,9,'2017-03-28 14:17:03',1),(40,10,'2017-03-28 14:17:07',2),(40,11,'2017-03-28 14:17:11',1),(40,12,'2017-03-28 14:17:16',2),(41,9,'2017-03-28 14:17:03',2),(41,10,'2017-03-28 14:17:07',1),(41,11,'2017-03-28 14:17:11',2),(41,12,'2017-03-28 14:17:16',1),(42,9,'2017-03-28 14:17:03',2),(42,10,'2017-03-28 14:17:07',1),(42,11,'2017-03-28 14:17:11',2),(42,12,'2017-03-28 14:17:16',1),(43,13,'2017-09-30 14:19:11',2),(43,14,'2017-09-30 14:19:22',2),(44,13,'2017-09-30 14:19:11',2),(44,14,'2017-09-30 14:19:22',2),(45,13,'2017-09-30 14:19:11',2),(45,14,'2017-09-30 14:19:22',2),(46,13,'2017-09-30 14:19:11',2),(46,14,'2017-09-30 14:19:22',2),(47,13,'2017-09-30 14:19:11',2),(47,14,'2017-09-30 14:19:22',2),(48,13,'2017-09-30 14:19:11',2),(48,14,'2017-09-30 14:19:22',2),(49,13,'2017-09-30 14:19:11',2),(49,14,'2017-09-30 14:19:22',2),(50,13,'2017-09-30 14:19:11',2),(50,14,'2017-09-30 14:19:22',2),(51,13,'2017-09-30 14:19:12',2),(51,14,'2017-09-30 14:19:22',2),(52,13,'2017-09-30 14:19:12',2),(52,14,'2017-09-30 14:19:22',2),(53,13,'2017-09-30 14:19:12',2),(53,14,'2017-09-30 14:19:22',2),(54,13,'2017-09-30 14:19:12',2),(54,14,'2017-09-30 14:19:22',2),(55,15,'2017-09-30 14:23:08',2),(55,16,'2017-09-30 14:23:13',2),(56,15,'2017-09-30 14:23:08',2),(56,16,'2017-09-30 14:23:13',2),(57,15,'2017-09-30 14:23:08',2),(57,16,'2017-09-30 14:23:13',2),(58,15,'2017-09-30 14:23:08',2),(58,16,'2017-09-30 14:23:13',2),(59,15,'2017-09-30 14:23:08',2),(59,16,'2017-09-30 14:23:13',2),(60,15,'2017-09-30 14:23:08',2),(60,16,'2017-09-30 14:23:13',2),(61,15,'2017-09-30 14:23:08',2),(61,16,'2017-09-30 14:23:13',2),(62,15,'2017-09-30 14:23:08',2),(62,16,'2017-09-30 14:23:13',2),(63,15,'2017-09-30 14:23:08',2),(63,16,'2017-09-30 14:23:13',2),(64,15,'2017-09-30 14:23:08',2),(64,16,'2017-09-30 14:23:13',2);
/*!40000 ALTER TABLE `tbl_cluster_detail` ENABLE KEYS */;
UNLOCK TABLES;

--
-- Table structure for table `tbl_factor`
--

DROP TABLE IF EXISTS `tbl_factor`;
/*!40101 SET @saved_cs_client     = @@character_set_client */;
/*!40101 SET character_set_client = utf8 */;
CREATE TABLE `tbl_factor` (
  `factor_id` int(11) NOT NULL AUTO_INCREMENT,
  `asset_code` varchar(50) DEFAULT NULL,
  `factor_date` date DEFAULT NULL,
  `age_factor` decimal(5,3) DEFAULT NULL,
  `usage_factor` decimal(5,3) DEFAULT NULL,
  `IsActive` int(11) DEFAULT NULL,
  PRIMARY KEY (`factor_id`),
  KEY `asset_code` (`asset_code`),
  CONSTRAINT `tbl_factor_ibfk_1` FOREIGN KEY (`asset_code`) REFERENCES `tbl_asset` (`asset_code`)
) ENGINE=InnoDB AUTO_INCREMENT=65 DEFAULT CHARSET=latin1;
/*!40101 SET character_set_client = @saved_cs_client */;

--
-- Dumping data for table `tbl_factor`
--

LOCK TABLES `tbl_factor` WRITE;
/*!40000 ALTER TABLE `tbl_factor` DISABLE KEYS */;
INSERT INTO `tbl_factor` VALUES (1,'PUP-1-1-3055','2017-02-08',0.300,4.000,NULL),(2,'PUP-1-1-3056','2017-02-08',0.300,4.000,NULL),(3,'PUP-1-1-3057','2017-02-08',0.300,4.000,NULL),(4,'PUP-1-1-3058','2017-02-08',0.300,5.000,NULL),(5,'PUP-1-1-3060','2017-02-08',0.300,3.000,NULL),(6,'PUP-1-1-3059','2017-02-08',0.300,3.000,NULL),(7,'PUP-1-1-3061','2017-02-08',0.300,4.000,NULL),(8,'PUP-1-1-3306','2017-02-08',0.600,1.000,NULL),(9,'PUP-1-1-3307','2017-02-08',0.600,6.000,NULL),(10,'PUP-1-1-3308','2017-02-08',0.600,8.000,NULL),(11,'PUP-1-1-3309','2017-02-08',0.600,7.000,NULL),(12,'PUP-1-1-3310','2017-02-08',0.600,7.000,NULL),(13,'PUP-1-1-3311','2017-02-08',0.600,5.000,NULL),(14,'PUP-1-1-3439','2017-02-08',0.600,6.000,NULL),(15,'PUP-1-1-3440','2017-02-08',0.600,6.000,NULL),(16,'PUP-1-1-3441','2017-02-08',0.600,6.000,NULL),(17,'PUP-1-1-3442','2017-02-08',0.600,6.000,NULL),(18,'PUP-4-1-1243','2017-02-08',0.800,7.000,NULL),(19,'PUP-1-1-3444','2017-02-08',0.600,6.000,NULL),(20,'PUP-1-1-3443','2017-02-08',0.600,6.000,NULL),(21,'PUP-1-1-3445','2017-02-08',0.600,6.000,NULL),(22,'PUP-4-1-1244','2017-02-08',0.800,7.000,NULL),(23,'PUP-4-1-1245','2017-02-08',0.800,7.000,NULL),(24,'PUP-4-1-1246','2017-02-08',0.800,8.000,NULL),(25,'PUP-4-1-1247','2017-02-08',0.800,8.000,NULL),(26,'PUP-4-1-1248','2017-02-08',0.800,8.000,NULL),(27,'PUP-4-1-1249','2017-02-08',0.800,8.000,NULL),(28,'PUP-46-1-3221','2017-02-08',0.136,3.000,NULL),(29,'PUP-46-1-3222','2017-02-08',0.136,3.000,NULL),(30,'PUP-46-1-3223','2017-02-08',0.136,2.000,NULL),(31,'PUP-46-1-3224','2017-02-08',0.136,1.000,NULL),(32,'PUP-46-1-3225','2017-02-08',0.136,2.000,NULL),(33,'PUP-46-1-3226','2017-02-08',0.136,3.000,NULL),(34,'PUP-46-1-3227','2017-02-08',0.136,4.000,NULL),(35,'PUP-4-1-1250','2017-03-17',0.800,8.000,NULL),(36,'PUP-NIB-621','2017-03-17',0.264,3.000,NULL),(37,'PUP-SFV-276','2017-03-17',0.100,2.000,NULL),(38,'PUP-SHB-201','2017-03-17',0.100,2.000,NULL),(39,'PUP-SHZ-148','2017-03-17',0.829,8.000,NULL),(40,'PUP-SHZ-155','2017-03-17',0.829,8.000,NULL),(41,'PUP-SKN-211','2017-03-17',0.300,4.000,NULL),(42,'PUP-ZMK-156','2017-03-17',0.191,3.000,NULL),(43,'PUP-1-1-3906','2017-09-30',0.900,8.000,NULL),(44,'PUP-1-1-3907','2017-09-30',0.900,9.000,NULL),(45,'PUP-1-1-3908','2017-09-30',0.900,7.000,NULL),(46,'PUP-1-1-3909','2017-09-30',0.900,8.000,NULL),(47,'PUP-1-1-3910','2017-09-30',0.900,8.000,NULL),(48,'PUP-1-1-3911','2017-09-30',0.900,7.000,NULL),(49,'PUP-1-1-3912','2017-09-30',0.900,8.000,NULL),(50,'PUP-1-1-3913','2017-09-30',0.900,7.000,NULL),(51,'PUP-1-1-3914','2017-09-30',0.900,8.000,NULL),(52,'PUP-1-1-3915','2017-09-30',0.900,9.000,NULL),(53,'PUP-1-1-3916','2017-09-30',0.900,8.000,NULL),(54,'PUP-1-1-3917','2017-09-30',0.900,8.000,NULL),(55,'PUP-40-1-0001','2017-09-30',0.900,8.000,NULL),(56,'PUP-40-1-0002','2017-09-30',0.900,7.000,NULL),(57,'PUP-40-1-0003','2017-09-30',0.900,9.000,NULL),(58,'PUP-40-1-0004','2017-09-30',0.900,8.000,NULL),(59,'PUP-40-1-0005','2017-09-30',0.900,7.000,NULL),(60,'PUP-40-1-0006','2017-09-30',0.900,8.000,NULL),(61,'PUP-40-1-0007','2017-09-30',0.900,8.000,NULL),(62,'PUP-40-1-0008','2017-09-30',0.900,7.000,NULL),(63,'PUP-40-1-0009','2017-09-30',0.900,9.000,NULL),(64,'PUP-40-1-0010','2017-09-30',0.900,8.000,NULL);
/*!40000 ALTER TABLE `tbl_factor` ENABLE KEYS */;
UNLOCK TABLES;

--
-- Table structure for table `tbl_subcategory`
--

DROP TABLE IF EXISTS `tbl_subcategory`;
/*!40101 SET @saved_cs_client     = @@character_set_client */;
/*!40101 SET character_set_client = utf8 */;
CREATE TABLE `tbl_subcategory` (
  `subcategory_id` int(11) NOT NULL AUTO_INCREMENT,
  `subcategory_name` varchar(50) DEFAULT NULL,
  `category_id` int(11) DEFAULT NULL,
  `deleted` int(11) DEFAULT NULL,
  PRIMARY KEY (`subcategory_id`),
  UNIQUE KEY `subcategory_name` (`subcategory_name`),
  KEY `category_id` (`category_id`),
  CONSTRAINT `tbl_subcategory_ibfk_1` FOREIGN KEY (`category_id`) REFERENCES `tbl_category` (`category_id`)
) ENGINE=InnoDB AUTO_INCREMENT=14 DEFAULT CHARSET=latin1;
/*!40101 SET character_set_client = @saved_cs_client */;

--
-- Dumping data for table `tbl_subcategory`
--

LOCK TABLES `tbl_subcategory` WRITE;
/*!40000 ALTER TABLE `tbl_subcategory` DISABLE KEYS */;
INSERT INTO `tbl_subcategory` VALUES (1,'SEDAN',1,0),(2,'AIRCONDITIONER',2,0),(3,'COMPUTER',3,0),(4,'MONITOR',3,0),(5,'PRINTER',3,0),(6,'ELECTRICAL EQUIPMENT',2,0),(7,'MINI-VANS',1,0),(8,'SUV',1,0),(9,'PICK-UP TRUCK',1,0),(10,'VAN',1,0),(11,'COUPE',1,0),(12,'BUS',1,0),(13,'TRAINING EQUIPMENT',2,0);
/*!40000 ALTER TABLE `tbl_subcategory` ENABLE KEYS */;
UNLOCK TABLES;
/*!40103 SET TIME_ZONE=@OLD_TIME_ZONE */;

/*!40101 SET SQL_MODE=@OLD_SQL_MODE */;
/*!40014 SET FOREIGN_KEY_CHECKS=@OLD_FOREIGN_KEY_CHECKS */;
/*!40014 SET UNIQUE_CHECKS=@OLD_UNIQUE_CHECKS */;
/*!40101 SET CHARACTER_SET_CLIENT=@OLD_CHARACTER_SET_CLIENT */;
/*!40101 SET CHARACTER_SET_RESULTS=@OLD_CHARACTER_SET_RESULTS */;
/*!40101 SET COLLATION_CONNECTION=@OLD_COLLATION_CONNECTION */;
/*!40111 SET SQL_NOTES=@OLD_SQL_NOTES */;

-- Dump completed on 2017-10-01 23:35:00
